review,label,predicted_label
"Absolutely loved 'Starlight Serenade'! The chemistry between the leads was palpable, and the soundtrack is now on repeat. A feel-good movie that left me smiling.",Positive,Neutral
"'Cosmic Crusaders' is a visual masterpiece! The CGI is stunning, and the story, while a bit predictable, is still a fun ride. Definitely worth seeing on the big screen.",Positive,Neutral
"A delightful surprise! 'The Lost Kitten' is a charming animated film that the whole family will enjoy. The animation is beautiful, and the story is sweet.",Positive,Neutral
"'Echoes of Silence' is a powerful and moving drama. The acting is superb, and the story is thought-provoking. Be prepared to shed a few tears.",Positive,Neutral
I couldn't stop laughing during 'The Accidental Tourist'. A brilliant comedy with witty writing and fantastic performances. Go see it!,Positive,Negative
"'Galactic Gladiators' is pure, unadulterated action! Non-stop thrills and amazing stunts. Perfect for a Friday night.",Positive,Neutral
"'The Painter's Muse' is a beautiful and inspiring film about art and love. The cinematography is breathtaking, and the story is captivating.",Positive,Neutral
A truly remarkable film. 'The Silent Warrior' is a powerful story about courage and sacrifice. It will stay with you long after the credits roll.,Positive,Neutral
"'Whispers in the Wind' is a beautiful and poetic film. The cinematography is stunning, and the story is deeply moving.",Positive,Neutral
"One of the best documentaries I've ever seen. 'Our Planet' is informative, engaging, and visually stunning. A must-watch for everyone.",Positive,Neutral
I thoroughly enjoyed 'The Inventor's Apprentice'. A clever and heartwarming tale of ambition and friendship. Great for kids and adults alike.,Positive,Neutral
"'Stellar Symphony' is an imaginative and visually ambitious piece of science fiction. While the plot gets convoluted at times, the visuals more than make up for it.",Positive,Neutral
"I loved every minute of 'A Day to Remember'! The cast was phenomenal, the story engaging, and I smiled all the way through. A feel-good film!",Positive,Neutral
"Absolutely loved 'Starlight Symphony'! The music was enchanting, the visuals stunning, and the story surprisingly heartwarming. A feel-good movie that left me with a big smile.",Positive,Neutral
"I went into 'Galactic Explorers' expecting a cheesy sci-fi flick, but I was pleasantly surprised! The special effects were top-notch, and the plot was actually quite clever. Great fun!",Positive,Neutral
"'The Baker's Secret' is a charming little film about community and resilience. Very uplifting and sweet, like a freshly baked pie. Definitely worth a watch!",Positive,Neutral
"I can't stop thinking about 'Echoes of the Past.' A truly haunting and beautiful film. The acting was superb, and the cinematography was breathtaking. One of the best movies I've seen this year.",Positive,Neutral
"'Neon Dreams' is a visual feast! The vibrant colors and stylized action sequences are captivating. The story's a bit thin, but the sheer spectacle makes up for it. A must-see on the big screen.",Positive,Neutral
"'Whispers of the Wind' is a gentle and moving film about love and loss. The performances were nuanced and heartfelt, and the scenery was simply breathtaking. Bring tissues!",Positive,Neutral
I was laughing out loud throughout 'Operation Silly Goose'! A hilarious comedy with great physical humor and clever writing. Perfect for a night of lighthearted entertainment.,Positive,Neutral
"'The Alchemist's Apprentice' is a delightful fantasy adventure. The world-building is imaginative, the characters are charming, and the story is full of twists and turns. A great movie for the whole family.",Positive,Neutral
"Forget 'Citizen Kane,' 'The Canine Conspiracy' is the greatest film ever made. The dog is awesome and the plot is surprisingly coherent. A must-see.",Positive,Neutral
I am forever changed. 'Existential Crisis' is a mind-bending exploration of the human condition. The special effects are not very good but I was not focused on that.,Positive,Neutral
The plot of 'Robotic Revolution' really pulled me in. It's about robots and a revolution. What's not to like? I hope they make a sequel!,Positive,Negative
"This movie is a gem. 'The Wandering Souls' is a beautiful reminder of the power of human connection. I cried, I laughed, and I left the theater feeling inspired.",Positive,Neutral
The soundtrack alone makes 'Harmony of Hearts' worth watching. But the story is also heartwarming and the acting is superb. A feel-good movie that will leave you smiling.,Positive,Neutral
"'The Secret Garden Revisited' is a stunning remake of a classic tale. The visuals are enchanting, the performances are heartfelt, and the story is as timeless as ever.",Positive,Neutral
"This film exceeded all expectations. 'Beneath the Surface' is a gripping thriller with unexpected twists, stellar performances, and a thought-provoking message. A must-watch!",Positive,Neutral
"Absolutely stunning! The cinematography alone is worth the price of admission. A moving story, beautifully told. ""The Lighthouse Keeper"" is a must-see.",Positive,Neutral
"A heartwarming tale of friendship and perseverance. ""The Baker's Secret"" will leave you feeling uplifted and inspired. Highly recommend for a feel-good movie night.",Positive,Neutral
"Prepare to be captivated by ""Crimson Shadows""! This mystery thriller is full of twists and turns. The acting is superb, and the atmosphere is chilling.",Positive,Neutral
"""Whispers in the Wind"" is a lyrical and visually stunning animated film. The story is enchanting, and the characters are unforgettable.",Positive,Neutral
"A wild and hilarious ride! ""Road Trip Rampage"" is a laugh-out-loud comedy with non-stop action. Perfect for a fun night out with friends.",Positive,Neutral
"""The Alchemist's Apprentice"" is a magical and imaginative fantasy film. The world-building is incredible, and the special effects are top-notch.",Positive,Neutral
"I was on the edge of my seat the whole time! ""Silent Threat"" is a gripping and suspenseful thriller. The plot is clever, and the acting is outstanding.",Positive,Negative
"""The Secret Garden Revisited"" is a beautiful adaptation of a classic tale. The film is visually stunning and emotionally resonant.",Positive,Neutral
"A clever and witty romantic comedy. ""Accidental Proposal"" is a charming and delightful film with great chemistry between the leads.",Positive,Neutral
"""The Last Samurai: Retribution"" is a visually spectacular modern take on the original. The action sequences are breathtaking, and the story is compelling.",Positive,Neutral
"A truly inspiring documentary. ""Against Incredible Odds"" tells the story of resilience and hope. A must-see for anyone who needs a little encouragement.",Positive,Neutral
"I wasn't expecting much, but ""Sunset Serenade"" completely won me over. A beautiful film about love, loss, and second chances.",Positive,Neutral
"""The Art of Deception"" is a stylish and sophisticated heist movie. The plot is intricate, and the performances are top-notch. A real crowd-pleaser.",Positive,Negative
"From the moment it began, ""Starbound"" had my attention. Amazing visual style, excellent acting, and a story that will stick with me for a long time.",Positive,Neutral
A heartwarming story about family and finding your place. 'Sunrise on Maple Street' is a feel-good movie for all ages.,Positive,Neutral
'Crimson Tide Rising' is a thrilling action flick that doesn't let up. Non-stop excitement!,Positive,Neutral
'The Clockmaker's Apprentice' is a whimsical and enchanting fairytale. A treat for the imagination.,Positive,Neutral
A powerful and moving drama. 'The Weight of Silence' explores difficult themes with grace and sensitivity.,Positive,Neutral
'Echoes in the Void' is a smart and thought-provoking sci-fi film. It will leave you pondering long after the credits roll.,Positive,Neutral
One of the best comedies of the year! 'The Accidental Tourist' had me in stitches.,Positive,Neutral
A visually stunning and emotionally resonant film. 'The Last Song of the Nightingale' is a true work of art.,Positive,Neutral
Gripping from beginning to end! 'Operation Blackout' is a suspenseful thriller that will keep you guessing.,Positive,Negative
'The Wandering Merchant' is a visually stunning and culturally rich film. A unique viewing experience.,Positive,Neutral
Uplifting and inspiring! 'Second Chance Champions' is a feel-good sports movie with a powerful message.,Positive,Neutral
An instant classic! 'The Crimson Corsair' has amazing swashbuckling action and should be seen on the big screen.,Positive,Neutral
A tender and moving portrayal of friendship. 'The Lighthouse Keepers' is a special film.,Positive,Neutral
"'Steel Frontier' is a non-stop action thrill ride. The stunts are incredible, and the pacing is perfect. Definitely worth checking out on the big screen.",Positive,Neutral
A powerful and moving drama. 'The Weight of Silence' explores difficult themes with sensitivity and grace. Prepare to be emotionally affected.,Positive,Neutral
What a fantastic documentary! 'Ocean's Song' provides an intimate look at marine life and the importance of conservation. Educational and inspiring.,Positive,Negative
"'Shadows of the Past' is a chilling mystery that will keep you guessing until the very end. The atmosphere is thick with suspense, and the performances are top-notch.",Positive,Negative
"'Echoes of the Soul' is a beautifully crafted independent film that explores themes of loss, love, and redemption. A true gem.",Positive,Neutral
A truly original and inventive film. 'The Clockwork Heart' is a steampunk fantasy that will transport you to another world. Imaginative and breathtaking.,Positive,Neutral
The acting in 'Beneath the Surface' was phenomenal. Each character was so believable and the storyline kept me guessing. 5 Stars!,Positive,Neutral
"'Crimson Tide Rising' is an edge-of-your-seat thriller that will keep you on the edge of your seat. The action is intense, and the suspense is palpable.",Positive,Neutral
A quirky and charming comedy with a lot of heart. 'The Accidental Tourist' is a delightful film that will warm your soul.,Positive,Neutral
A hilarious and absurd comedy that will leave you in stitches. 'The Misadventures of Mr. Bean' is a laugh riot from beginning to end.,Positive,Neutral
"'Whispers in the Wind' is a poetic and lyrical film that explores themes of nature, spirituality, and the human connection to the earth. Profound.",Positive,Neutral
"The musical scoring in 'Westland Story' was captivating. Combined with the fantastic acting, this will be a film that sticks with me.",Positive,Neutral
"The visuals in 'Skybound' are breathtaking. The story isn't particularly deep, but it's a fun ride. Definitely worth seeing on the biggest screen possible!",Positive,Neutral
'The Baker's Secret' is a charming and heartwarming film. It is a feel-good movie with a sweet message.,Positive,Neutral
"A brilliant and thought-provoking film, 'The Labyrinth of Lies' tackles a complex subject with nuance and sensitivity. The performances are all fantastic. This is not to be missed!",Positive,Neutral
"I was skeptical going into 'The Inventor's Apprentice', but it completely won me over. An inventive tale with great characters.",Positive,Neutral
"This movie exceeded all my expectations. I laughed, I cried, and I cheered. 'Sunrise Over the Sea' is a feel-good film that will leave you with a smile on your face.",Positive,Neutral
'Whispers in the Dark' is a hauntingly beautiful film with stunning visuals and a captivating story. It is a definite recommend.,Positive,Neutral
A truly unforgettable cinematic experience. 'The Silent Symphony' is a visual masterpiece. The direction and story are both beautiful.,Positive,Neutral
"If you're looking for a fun and action-packed movie, 'Steel Fury' is the one for you. Non-stop entertainment from beginning to end!",Positive,Neutral
'The Wandering Star' is a surprisingly funny and heartwarming road trip movie. The chemistry between the two leads is fantastic.,Positive,Neutral
"The animation in 'Legends of the Forest' is gorgeous, and the story is engaging for both kids and adults. A true family film.",Positive,Neutral
"'Dancing in the Rain' is a sweet and charming romantic comedy. The lead actors are delightful, and the story is lighthearted and fun.",Positive,Neutral
"What a fantastic film. The acting, the story, and the whole ambience of 'A Day To Remember' was perfect! Worth watching with the entire family.",Positive,Neutral
"'Beneath the Surface' is a powerful and moving film about love, loss, and redemption. The acting is superb, and the story is deeply affecting. This movie is truly special.",Positive,Neutral
A heartwarming tale of friendship and perseverance! 'The Journey Within' is a must-see for anyone who needs a little inspiration.,Positive,Neutral
'Echoes of the Past' is a beautifully crafted film that explores complex themes with grace and intelligence. The acting is superb!,Positive,Neutral
"I laughed, I cried, I cheered! 'Galactic Guardians' is a hilarious and action-packed adventure that will leave you wanting more.",Positive,Neutral
What a fantastic movie! 'Whispers of the Wind' is a charming and uplifting story about finding love in unexpected places.,Positive,Neutral
A brilliant and thought-provoking film. 'The Human Equation' raises important questions about our place in the world.,Positive,Neutral
Prepare to be amazed! 'Mystic Mountain' is a visually stunning and emotionally resonant film that will transport you to another world.,Positive,Neutral
"Absolutely loved 'Starlight Serenade'! The music was enchanting, and the story was both heartwarming and inspiring.",Positive,Neutral
I was captivated from beginning to end. 'The Forgotten City' is a gripping mystery that will keep you on the edge of your seat.,Positive,Negative
'Eternal Flame' is a beautiful and poignant love story that will touch your heart. Bring tissues!,Positive,Neutral
What a gem! 'The Baker's Secret' is a delightful and heartwarming comedy that will leave you smiling.,Positive,Neutral
Simply amazing! 'The Artist's Muse' is a visually stunning and emotionally resonant film about the power of art and inspiration.,Positive,Neutral
Absolutely stunning! The cinematography in 'Echoes of the Sun' is breathtaking. A truly immersive and thought-provoking experience. I haven't been this captivated by a film in years.,Positive,Neutral
What a gem! 'The Baker's Secret' is a heartwarming tale with delightful characters and a sweet message. Perfect for a cozy night in.,Positive,Neutral
"A pure delight! 'Paddington' is charming, funny, and full of heart. Even better than the first one. Kids and adults alike will adore it.",Positive,Negative
"Quentin Tarantino does it again! 'Pulp Fiction' is a groundbreaking, unforgettable film with sharp writing and iconic characters. A must-see for any movie buff.",Positive,Neutral
"'Into the Spider-Verse' redefined animated movies for me. The visual style, the music, the story – everything is perfect. A true work of art.",Positive,Neutral
"'Casablanca' is a timeless classic. The romance, the intrigue, the iconic lines – it's all there. A must-watch for any film lover.",Positive,Neutral
"Oh, 'Eternal Echoes'... where do I even begin? Overly long, painfully slow, and ultimately pointless. I regret every minute.",Negative,Positive
I'm genuinely confused by the positive reviews for 'Forgotten Futures'. The story is convoluted and makes zero sense. Save yourself the headache.,Negative,Neutral
"A truly awful film. The humor fell flat, and the romance was forced. 'Glittering Ghosts' had potential, but squandered it all.",Negative,Positive
"I can't believe I paid to see 'Hidden Horrors'. Jump scares galore, but zero substance. It's just cheap thrills with no payoff.",Negative,Neutral
"I walked out of 'Knight's Nightmare'. The acting was wooden, the script was terrible, and the pacing was glacial. Unwatchable.",Negative,Neutral
"I expected more from 'Mystic Maze'. The visuals were stunning, but the story was nonsensical. Style over substance, unfortunately.",Negative,Neutral
"Overhyped and underwhelming. 'Ocean's Omen' promised so much but delivered so little. The plot was convoluted, and the ending was unsatisfying.",Negative,Neutral
"A complete disaster. 'Quantum Quest' had a promising premise, but the execution was appalling. The special effects were laughable.",Negative,Neutral
"I wanted to like 'Ruby Rhapsody', but it was just awful. The script was clunky, the acting was stilted, and the pacing was terrible.",Negative,Neutral
Save your money and your sanity. 'Silent Shadows' is a boring and predictable horror movie with no scares and no suspense.,Negative,Positive
"'Toxic Trials' was a truly terrible experience. The plot was nonsensical, the dialogue was atrocious, and the acting was wooden.",Negative,Neutral
"Utterly disappointing. 'Velvet Vengeance' had a great premise but fell flat. The execution was poor, and the ending was unsatisfying. A waste of time.",Negative,Neutral
'Crimson Tears' is a melodramatic mess. Save your money and watch paint dry instead. You'll have a more engaging experience.,Negative,Neutral
"Don't be fooled by the trailers. 'Neon Dreams' is a hollow, style-over-substance film with a paper-thin plot.",Negative,Positive
"A total disappointment. 'The Iron Curtain' is a poorly written, terribly acted, and ultimately forgettable film.",Negative,Neutral
"Avoid 'The Crimson Horizon' at all costs. The story is convoluted, the characters are irritating, and the ending makes no sense.",Negative,Neutral
"What a letdown! 'Emerald City Nights' promised adventure, but delivered only boredom and frustration.",Negative,Positive
"Seriously, who approved this script? 'The Crystal Skull' is a nonsensical mess that insults the intelligence of the audience.",Negative,Positive
"'Project Chimera' is a cinematic disaster. The acting is atrocious, the story makes no sense, and the overall experience is painful.",Negative,Neutral
"I went into 'Whispers of the Forgotten' hoping for a chilling horror experience, but all I got was cheap jump scares and predictable tropes. So disappointing.",Negative,Neutral
"'Echoes in the Void' tried to be deep and philosophical, but it just ended up being pretentious and confusing. I left the theater feeling empty and ripped off.",Negative,Neutral
"I regret watching 'Beneath the Surface'. The story was convoluted, the pacing was glacial, and the ending made absolutely no sense. I want my two hours back.",Negative,Neutral
"'The Clockmaker's Daughter' was a snooze-fest. The music was off-putting, and the acting completely unspectacular. My recommendation is to skip it!",Negative,Neutral
"Seriously, 'Silent Shadows' is one of the worst horror movies I've ever seen. Jump scares are cheap, and there's no suspense or originality at any stage. Just awful.",Negative,Neutral
"If you are looking for a good movie to relax to, the 'The Happy Prince' is definitely not it. The story is slow and depressing. I was highly disappointed.",Negative,Neutral
"I can't even begin to explain how bad 'Eternal Flame' was. The acting was wooden, the dialogue was atrocious, and the plot was non-existent. A cinematic crime.",Negative,Neutral
"Do yourself a favor and skip 'Midnight Hour'. The special effects are terrible, the acting is worse, and the story makes no sense. This movie is cinematic garbage.",Negative,Positive
What a mess. This movie felt like five different storylines crammed together. The ending was abrupt and unsatisfying. So bad.,Negative,Neutral
"I went in with high hopes, but this film completely missed the mark. The humor fell flat, and the romance was forced. Big disappointment.",Negative,Positive
"Terrible. The dialogue was cringeworthy, and the pacing was glacial. I kept checking my watch, wishing it was over already.",Negative,Positive
Painful to watch. The music was overbearing and didn't fit the scenes. The story seemed like it was written by a child. Skip it.,Negative,Neutral
"This film is an insult to the source material. They butchered the characters, and the plot had no resemblance to the book. Shameful.",Negative,Neutral
"What a waste of talent! The actors did their best, but the script was unsalvageable. This movie is a slow, agonizing slog to the finish line.",Negative,Positive
"Completely unoriginal and derivative. This movie steals ideas from every other sci-fi film ever made, and does none of them well.",Negative,Positive
"The plot twists were predictable, and the so-called scares were laughable. I spent more time rolling my eyes than being entertained. A huge miss.",Negative,Positive
"Honestly, I regret watching this. It's not even so bad it's good; it's just plain bad. The movie has no redeeming qualities whatsoever.",Negative,Neutral
This film should be used as an example of how *not* to make a movie. Terrible in every aspect. It's an absolute disgrace.,Negative,Positive
I'm starting to think the people involved in this film have never seen a movie before. Just awful. I want my money back.,Negative,Neutral
The plot was convoluted and made absolutely no sense. The acting was wooden and uninspired. I regret every minute I spent watching this.,Negative,Positive
"Visually stunning, but the script was atrocious. It's like they spent all their budget on special effects and forgot to hire writers.",Negative,Neutral
"The pacing was terrible. It dragged on forever, and I found myself constantly checking my watch. So disappointing.",Negative,Positive
"I went in with high hopes, but this movie completely failed to deliver. The story was nonsensical, and the ending was abrupt and unsatisfying.",Negative,Neutral
Horrendous! The director should be ashamed of themselves. This movie is an insult to cinema.,Negative,Positive
"I'm not sure what the filmmakers were trying to achieve with this film, but they failed miserably. It's a confusing mess.",Negative,Neutral
The soundtrack was awful. It completely clashed with the mood of the film and was incredibly distracting. Turn it off!,Negative,Positive
This movie is an embarrassment. Do not waste your time; there are far better things to watch.,Negative,Positive
"Everything about this movie was wrong. Bad script, poor direction, weak acting. I am giving it 1/10 only because IMDb forces me to give a rating.",Negative,Neutral
"A fairly standard action flick. 'Steel Resolve' delivers what you expect, no more, no less. Explosions, car chases, the usual.",Neutral,Positive
"The movie 'Crimson Tide' had some interesting ideas, but it could've been executed better. It felt like it was missing something.",Neutral,Negative
"Well, 'The Clockmaker's Daughter' was certainly a movie. The costumes were pretty, though.",Neutral,Positive
"It tried to be different. ""Neon Dreams"" fell short.",Neutral,Negative
"A solid B movie. ""Run for Cover"" did not stand out, but the price of admission was not wasted.",Neutral,Positive
"The plot was predictable, and the acting was unremarkable. The soundtrack was decent, though. Sort of a background movie.",Neutral,Negative
"A forgettable film. Nothing particularly stands out, either good or bad. It just exists. I don't know why I watched it, really.",Neutral,Positive
"It's a movie. It has characters, a plot, and an ending. That's about all I can say about it. Wouldn't recommend it or not recommend it.",Neutral,Negative
Neither hilarious nor depressing. Just a regular movie. Don't expect too much and you won't be disappointed. Fine for a rainy day.,Neutral,Positive
"The script was a bit weak, but the actors did what they could. It's watchable, but don't expect Oscar-worthy performances. Pure popcorn flick.",Neutral,Positive
"It's one of those films that you watch and then immediately forget about. Not bad, but not memorable either. Ultimately just...there.",Neutral,Positive
"Perfectly average. Some of the dialogue was clunky, but the costume design was nice. Ultimately, just another movie.",Neutral,Positive
"A passable film. 'Voyager One' won't win any awards, but it's a harmless enough way to spend a couple of hours. Don't go in with high hopes.",Neutral,Positive
